fips,crime_rate_per_100000,EDITION,PART,IDNO,CPOPARST,CPOPCRIM,AG_ARRST,AG_OFF,COVIND,INDEX,MODINDX,MURDER,RAPE,ROBBERY,AGASSLT,BURGLRY,LARCENY,MVTHEFT,ARSON,population
5459,281.8532819,1,4,3056,26564,24660,11,5,100.0,73,294,3,2,5,63,86,177,31,1,25900
5461,270.841074,1,4,3057,98531,91767,12,6,100.0,277,2054,3,22,43,209,400,1580,74,10,102274
5463,170.5851813,1,4,3058,13333,13534,5,4,100.0,23,140,0,2,3,18,39,93,8,0,13483
5465,142.8734713,1,4,3059,17535,16404,6,3,100.0,25,236,0,4,1,20,96,117,23,0,17498
5467,793.3756981,1,4,3060,26269,24215,9,5,100.0,206,413,1,7,2,196,86,308,19,16,25965
5469,706.6572141,1,4,3061,44521,44247,12,10,93.2421,309,1142,0,24,46,240,322,764,56,4,43727
5471,66.92544505,1,4,3062,7673,0,5,2,100.0,5,52,0,0,0,5,36,13,3,1,7471
5473,39.59350666,1,4,3063,7611,5750,6,3,100.0,3,403,0,0,0,3,386,16,1,0,7577
5475,276.8485408,1,4,3064,8786,7724,6,2,58.3333,24,71,0,2,1,21,26,43,2,1,8669
5477,268.7616291,1,4,3065,33724,32287,11,7,100.0,91,313,1,8,4,78,97,188,28,4,33859
5479,321.270962,1,4,3066,54841,55025,10,7,100.0,182,843,1,8,9,164,157,655,31,1,56650
5481,470.6150977,1,4,3067,79129,77543,12,7,100.0,371,3312,9,36,99,227,1054,2126,132,14,78833
5483,435.1521333,1,4,3068,29466,29466,6,3,100.0,128,691,2,14,5,107,158,508,25,7,29415
5485,158.8404646,1,4,3069,10295,10295,7,5,100.0,16,109,0,3,1,12,30,65,14,2,10073
5487,204.6943231,1,4,3070,14858,14858,6,4,100.0,30,197,0,4,0,26,37,148,12,2,14656
5489,154.8330015,1,4,3071,13867,13867,6,4,100.0,21,278,0,1,4,16,102,171,5,0,13563
5491,53.02539327,1,4,3072,16916,16916,6,4,100.0,9,46,0,0,2,7,14,28,4,0,16973
5493,129.1618829,1,4,3073,7021,7021,6,4,100.0,9,44,0,1,0,8,13,29,2,0,6968
5495,211.2284603,1,4,3074,8291,9121,6,5,100.0,19,140,0,1,0,18,46,91,3,3,8995
5497,32.43462396,1,4,3075,24323,24323,7,4,82.5813,8,392,1,0,1,6,87,297,8,0,24665
5499,265.4632333,1,4,3076,38237,41425,9,7,97.689,110,990,2,10,14,84,300,629,61,10,41437
5511,14.97342218,1,4,3087,13574,10799,3,2,100.0,2,33,0,1,0,1,11,20,2,0,13357
5513,221.743951,1,4,3088,15544,14195,3,2,100.0,34,411,0,2,2,30,137,236,38,2,15333
5515,128.9880485,1,4,3089,35830,49617,4,7,100.0,64,589,0,8,7,49,102,469,18,0,49617
5517,131.4705696,1,4,3090,60947,62939,6,7,100.0,83,1052,0,16,7,60,242,777,33,9,63132
5519,288.8920988,1,4,3091,36023,34831,3,4,100.0,100,275,0,0,1,99,80,177,18,4,34615
5521,146.505922,1,4,3092,57300,57055,7,7,100.0,83,936,0,15,3,65,224,685,27,4,56653
5523,12.19735317,1,4,3093,16757,5948,2,1,41.6667,2,192,0,0,0,2,19,168,5,0,16397
5525,220.2224188,1,4,3094,497671,496358,24,24,99.7306,1123,13077,9,149,291,675,2364,10343,370,57,509939
5527,76.97183736,1,4,3095,83918,88888,10,11,100.0,68,1370,1,12,6,49,248,1096,26,8,88344
5529,71.69486665,1,4,3096,27891,27891,2,2,100.0,20,324,1,2,0,17,41,275,8,2,27896
5531,216.4650124,1,4,3097,44218,44218,3,3,100.0,95,1650,1,11,22,61,359,1199,92,23,43887
5533,133.7201396,1,4,3098,44084,44084,4,4,78.3744,59,746,0,6,1,52,126,588,32,1,44122
5535,159.7034642,1,4,3099,102133,100135,5,5,100.0,162,2131,4,31,18,109,445,1636,50,5,101438
5537,243.3628319,1,4,3100,4451,4451,1,1,100.0,11,107,0,0,0,11,43,61,3,0,4520
5539,222.0082909,1,4,3101,98840,102340,7,8,99.9128,226,1785,0,41,13,172,251,1480,54,6,101798
5541,76.70392286,1,4,3102,9260,9260,2,2,100.0,7,211,0,3,1,3,44,156,11,0,9126
5543,146.8601304,1,4,3103,51563,51341,8,8,100.0,75,993,0,11,1,63,172,798,23,3,51069
5545,72.79590186,1,4,3104,36535,36985,5,6,100.0,27,679,0,3,1,23,100,540,39,3,37090
5547,58.01993776,1,4,3105,19232,17924,5,4,100.0,11,331,0,3,1,7,50,270,11,2,18959
5549,172.638848,1,4,3106,23483,23659,6,7,97.9839,41,260,0,8,2,31,62,184,14,1,23749
5551,441.7261298,1,4,3107,5909,5909,2,2,93.4634,26,80,0,0,0,26,21,59,0,0,5886
5553,106.5684945,1,4,3108,20618,20618,2,2,100.0,22,370,0,6,3,13,59,301,10,0,20644
5555,121.8805098,1,4,3109,89376,82367,7,7,100.0,103,1417,1,13,3,86,256,1130,31,11,84509
5557,192.1121031,1,4,3110,26790,25340,4,3,100.0,51,457,0,8,1,42,106,337,14,0,26547
5559,199.0975041,1,4,3111,167716,167722,6,7,100.0,334,4346,2,47,117,168,910,3288,148,21,167757
5561,43.89173372,1,4,3112,20642,20642,4,4,100.0,9,261,1,3,0,5,30,222,9,1,20505
5563,170.5037142,1,4,3113,115868,115868,8,8,100.0,199,3164,4,27,43,125,650,2437,77,3,116713
5565,35.7867112,1,4,3114,16812,16858,3,5,100.0,6,203,0,1,2,3,33,156,14,1,16766
5567,163.4738186,1,4,3115,19837,19837,2,2,95.1017,32,813,0,0,0,32,174,604,35,0,19575
5569,156.8818854,1,4,3116,28675,28675,3,3,100.0,45,533,0,6,0,39,170,345,18,5,28684
5571,136.3850522,1,4,3117,81496,81183,7,7,100.0,110,1557,0,8,14,88,252,1258,47,4,80654
5573,121.8467537,1,4,3118,132642,132809,10,11,96.6373,165,2234,2,28,24,111,485,1678,71,34,135416
5575,52.87190579,1,4,3119,41763,41763,4,4,100.0,22,1079,1,8,10,3,462,568,49,8,41610
5577,65.89351608,1,4,3120,15479,15479,6,6,99.7464,10,226,0,1,1,8,54,154,18,5,15176
5578,46.32846884,1,4,3121,4359,4359,1,1,100.0,2,59,0,0,0,2,31,25,3,0,4317
5579,912.6349471,1,4,3122,955057,954968,21,21,99.4991,8725,43401,103,276,3426,4919,8744,29434,5223,351,956023
5581,101.5497373,1,4,3123,45165,44688,5,4,100.0,46,1123,0,4,3,39,175,917,31,7,45298
5583,21.43737607,1,4,3124,37564,37564,4,4,100.0,8,785,0,0,3,5,249,502,34,10,37318
5585,173.7229959,1,4,3125,35893,35893,5,5,100.0,62,712,0,6,0,56,148,545,19,1,35689
5587,161.3573983,1,4,3126,189480,178369,9,10,100.0,291,2979,1,34,31,225,419,2495,65,8,180345
5589,53.9894778,1,4,3127,86701,86790,7,8,99.9231,47,906,0,1,6,40,165,727,14,1,87054
5591,81.52173913,1,4,3128,7431,7431,3,3,100.0,6,85,0,3,0,3,28,53,4,1,7360
5593,190.3553299,1,4,3129,44145,40967,5,5,100.0,78,734,2,4,4,68,138,572,24,7,40976
5595,216.211243,1,4,3130,44153,44153,5,5,100.0,94,541,1,10,4,79,151,359,31,0,43476
5597,105.1435067,1,4,3131,70264,70264,4,4,100.0,74,1193,0,14,4,56,222,947,24,3,70380
5599,79.69859441,1,4,3132,14030,14030,3,3,100.0,11,216,0,0,0,11,40,166,10,1,13802
5611,83.51893096,1,4,3160,7214,7214,4,4,100.0,6,143,0,3,0,3,20,115,8,0,7184
5613,163.422606,1,4,3161,41169,41169,3,3,100.0,67,1025,2,21,3,41,127,859,39,3,40998
5615,271.8189833,1,4,3162,13733,13733,2,2,100.0,37,214,0,0,1,36,66,146,2,0,13612
5617,144.4192284,1,4,3163,4869,4869,2,2,100.0,7,84,0,0,0,7,14,68,2,1,4847
5619,162.2624015,1,4,3164,8768,8768,2,2,100.0,14,157,1,1,0,12,13,141,3,2,8628
5621,236.9297248,1,4,3165,94026,94026,3,3,100.0,227,2716,2,33,27,165,425,2147,144,16,95809
5623,59.89980396,1,4,3166,18334,17235,6,4,97.8358,11,131,0,0,0,11,38,89,4,1,18364
5625,187.7168933,1,4,3167,77475,77475,4,4,100.0,152,2346,3,7,12,130,474,1739,133,23,80973
5627,118.0637544,1,4,3168,2527,2527,2,2,100.0,3,8,0,0,0,3,1,6,1,0,2541
5629,246.3475553,1,4,3169,29007,29007,3,3,100.0,72,481,1,16,2,53,109,359,13,4,29227
5631,45.63605248,1,4,3170,8924,7742,3,2,100.0,4,89,0,1,0,3,23,61,5,0,8765
5633,93.88412017,1,4,3171,29664,29664,3,3,100.0,28,512,1,4,2,21,108,386,18,3,29824
5635,119.510009,1,4,3172,10293,10293,1,1,100.0,12,83,0,1,0,11,22,57,4,1,10041
5637,433.2736477,1,4,3173,44817,44817,3,3,100.0,196,952,3,18,5,170,120,794,38,7,45237
5639,179.6299623,1,4,3174,21861,9851,2,1,100.0,40,237,0,4,1,35,28,203,6,0,22268
5641,33.22889965,1,4,3175,21290,19157,3,2,100.0,7,382,0,3,0,4,37,333,12,0,21066
5643,59.08070424,1,4,3176,8610,8610,2,2,100.0,5,47,0,0,0,5,2,44,1,0,8463
5645,69.85191394,1,4,3177,7211,6111,3,2,100.0,5,91,0,1,0,4,10,76,5,0,7158
6101,333.508128,1,4,238,95799,95799,4,4,100.0,318,2832,5,26,45,242,758,1786,288,15,95350
6103,561.3968314,1,4,239,64191,64191,5,5,100.0,354,1507,3,17,36,298,451,896,160,5,63057
6105,156.1570494,1,4,240,13850,13850,3,3,100.0,21,187,4,3,1,13,81,82,24,0,13448
6107,462.4094173,1,4,241,453419,453419,14,12,100.0,2100,15393,33,115,412,1540,4364,9194,1835,39,454143
6109,194.8992093,1,4,242,55463,55463,4,3,100.0,105,1190,0,15,16,74,468,637,85,25,53874
6111,198.1848932,1,4,243,839484,839484,21,18,100.0,1664,15921,21,100,617,926,3113,11404,1404,128,839620
6113,271.7590533,1,4,244,203928,203928,10,8,100.0,556,5956,0,71,162,323,1312,4122,522,106,204593
6115,388.6010363,1,4,245,73251,73251,6,5,100.0,285,2013,6,27,39,213,612,1148,253,27,73340
8101,501.7002063,1,4,298,162766,162766,4,3,100.0,810,7411,8,22,199,581,1962,4931,518,43,161451
8103,132.2168356,1,4,299,6876,6876,3,3,100.0,9,84,0,1,1,7,15,65,4,0,6807
8105,152.5036008,1,4,300,11901,12121,4,5,100.0,18,231,2,1,5,10,72,156,3,1,11803
8107,182.8775571,1,4,301,23560,22674,4,3,100.0,43,377,1,8,4,30,55,296,26,3,23513
8109,241.6237113,1,4,302,6534,6314,2,2,100.0,15,84,0,0,0,15,31,47,6,1,6208
8111,144.5086705,1,4,303,702,702,1,1,100.0,1,16,0,0,0,1,4,11,1,0,692
8113,78.14535035,1,4,304,7594,7594,2,2,100.0,6,115,0,0,0,6,8,105,2,0,7678
8115,211.8644068,1,4,305,2397,2397,1,1,100.0,5,20,0,0,0,5,6,13,1,0,2360
8117,129.1493595,1,4,306,28359,28359,6,6,100.0,37,859,1,17,2,17,68,771,20,7,28649
8119,206.2298604,1,4,307,23651,23679,3,4,100.0,48,243,0,5,0,43,52,179,12,3,23275
8121,333.1251301,1,4,308,4836,4836,1,1,100.0,16,77,0,3,0,13,15,57,5,1,4803
8123,274.2924922,1,4,309,256887,247841,24,25,99.8711,740,5384,6,61,89,583,971,4127,286,52,269785
8125,68.95872328,1,4,310,10240,10240,3,3,100.0,7,50,2,3,0,2,7,40,3,0,10151
12101,319.0312554,1,4,376,472821,472821,14,8,100.0,1517,13197,12,107,304,1094,3597,8943,657,91,475502
12103,550.6712247,1,4,377,929915,929915,36,29,100.0,5116,33646,44,361,1206,3505,7392,24499,1755,167,929048
12105,348.309575,1,4,378,617808,617808,22,14,100.0,2170,19088,39,126,421,1584,5796,12467,825,90,623009
12107,717.8582747,1,4,379,75051,75051,14,8,100.0,521,3061,5,37,51,428,1029,1952,80,7,72577
12109,281.4254437,1,4,380,198495,198495,13,7,100.0,590,4610,8,14,58,510,929,3514,167,4,209647
12111,393.958833,1,4,381,284205,284205,12,6,100.0,1130,6947,7,104,223,796,2001,4673,273,15,286832
12113,152.0832299,1,4,382,156207,156207,13,7,100.0,245,2246,0,25,27,193,597,1549,100,7,161096
12115,316.8309731,1,4,383,389891,387428,17,10,100.0,1237,11020,17,71,288,861,2741,7901,378,26,390429
12117,331.3908554,1,4,384,430871,430871,17,11,100.0,1445,10182,17,86,357,985,2478,7200,504,17,436041
12119,141.9817666,1,4,385,99090,94955,16,6,100.0,152,925,0,16,17,119,321,559,45,1,107056
12121,354.415329,1,4,386,42545,42545,13,5,100.0,155,765,1,2,17,135,337,402,26,1,43734
12123,673.754211,1,4,387,23001,23001,12,6,100.0,154,296,3,10,6,135,117,164,15,3,22857
12125,257.6638478,1,4,388,15598,15598,9,4,100.0,39,153,1,1,7,30,64,80,9,2,15136
12127,431.3099042,1,4,389,501494,499738,26,18,100.0,2160,17213,19,96,422,1623,4095,12072,1046,29,500800
12129,296.563729,1,4,390,31401,31401,11,4,100.0,92,684,0,13,4,75,149,513,22,7,31022
12131,361.1617369,1,4,391,56554,56554,11,5,100.0,216,1425,1,14,18,183,375,980,70,5,59807
12133,280.214425,1,4,392,25275,25275,12,6,100.0,69,400,0,3,4,62,100,283,17,2,24624
13101,0.0,1,4,443,4173,4173,1,1,100.0,0,46,0,0,0,0,20,25,1,0,4057
13103,89.98090201,1,4,444,53217,53217,4,4,100.0,49,563,1,16,10,22,193,341,29,1,54456
13105,377.5702842,1,4,445,20098,20098,2,2,100.0,74,761,2,3,9,60,204,523,34,0,19599
13107,612.2359732,1,4,446,22536,22606,6,5,98.7968,140,1110,2,6,14,118,253,799,59,2,22867
13109,120.0036924,1,4,447,11183,11183,3,3,100.0,13,160,0,0,3,10,53,95,12,0,10833
13111,357.7441077,1,4,448,23961,23961,4,3,100.0,85,496,0,3,2,80,172,285,39,4,23760
13113,78.43861025,1,4,449,108934,108934,5,5,100.0,85,1541,3,7,21,54,286,1125,130,5,108365
13115,356.9154987,1,4,450,97013,97013,6,5,100.0,342,3747,5,25,56,256,903,2700,144,36,95821
13117,85.46352447,1,4,451,183780,183780,4,3,100.0,167,1860,0,15,10,142,395,1432,33,2,195405
13119,163.5694489,1,4,452,22801,21337,5,4,100.0,36,520,0,4,6,26,133,361,26,0,22009
13121,826.1767583,1,4,453,990261,959727,41,31,100.0,8132,49806,123,216,3365,4428,11091,31070,7645,135,984293
13123,223.9406557,1,4,454,28626,28626,4,3,100.0,64,549,0,6,0,58,127,410,12,0,28579
13125,0.0,1,4,455,3117,0,2,1,100.0,0,0,0,0,0,0,0,0,0,0,3102
13127,559.4542867,1,4,456,81244,81244,7,5,100.0,456,3883,6,13,125,312,957,2814,112,8,81508
13129,328.2099109,1,4,457,56215,55661,6,3,100.0,183,1518,4,10,11,158,345,1110,63,1,55757
13131,154.2843579,1,4,458,25524,25524,4,3,100.0,39,496,0,7,5,27,130,346,20,0,25278
13133,300.2267018,1,4,459,16202,16202,4,3,100.0,49,451,1,0,4,44,100,340,11,0,16321
13135,221.22555,1,4,460,835100,833744,13,12,100.0,1901,19031,39,198,807,857,4849,12877,1305,65,859304
13137,140.8775982,1,4,461,45073,43741,10,10,99.7512,61,878,0,7,1,53,269,576,33,0,43300
13139,172.5745027,1,4,462,182974,185005,9,6,100.0,324,4325,7,36,96,185,923,3078,324,22,187745
13141,78.83770695,1,4,463,9500,9500,3,2,100.0,7,120,0,0,2,5,42,70,8,0,8879
13143,582.5583436,1,4,464,28990,28944,5,5,100.0,166,842,1,6,4,155,310,442,90,1,28495
13145,113.278021,1,4,465,31809,31577,5,5,100.0,37,366,0,1,2,34,82,272,12,2,32663
13147,373.3396212,1,4,466,24874,25532,2,3,100.0,95,891,0,3,6,86,200,677,14,0,25446
13149,250.9084617,1,4,467,11869,11869,3,3,100.0,29,164,0,3,0,26,38,111,15,0,11558
13151,184.248418,1,4,468,209573,209573,5,5,100.0,389,5998,5,39,123,222,1609,3945,444,16,211128
13153,331.8479188,1,4,469,145894,145461,6,4,100.0,490,5551,8,31,166,285,1142,4198,211,18,147658
13155,381.8818288,1,4,470,9782,9782,2,2,100.0,36,255,0,9,0,27,73,171,11,2,9427
13157,149.0727999,1,4,471,58914,60069,6,6,100.0,91,1250,0,11,9,71,242,954,54,2,61044
13159,279.3912212,1,4,472,14033,11345,2,1,100.0,38,195,0,4,0,34,75,110,10,0,13601
13161,539.8560384,1,4,473,15324,15324,2,2,100.0,81,471,1,0,3,77,115,346,10,2,15004
13163,306.372549,1,4,474,16853,13935,6,4,100.0,50,344,0,1,17,32,121,210,13,0,16320
13165,0.0,1,4,475,8235,0,2,1,100.0,0,0,0,0,0,0,0,0,0,0,9269
13167,245.7254019,1,4,476,10353,10081,3,3,96.0421,24,178,0,1,3,20,62,108,8,0,9767
13169,84.00714061,1,4,477,28351,28820,2,3,100.0,24,558,1,2,3,18,150,372,36,4,28569
13171,328.5260872,1,4,478,18388,17769,4,3,100.0,59,497,3,8,7,41,79,384,34,4,17959
13173,336.2797848,1,4,479,10515,10515,2,2,100.0,35,209,0,4,4,27,83,114,12,0,10408
13175,339.5904081,1,4,480,48461,48461,5,3,100.0,163,1945,3,4,54,102,486,1384,75,1,47999
13177,316.4665818,1,4,481,28880,25352,3,1,100.0,92,630,1,1,5,85,150,453,27,2,29071
13179,385.1251267,1,4,482,66149,66149,5,4,100.0,247,2162,2,26,41,178,601,1482,79,6,64135
13181,387.0468327,1,4,483,7946,7946,2,2,100.0,30,219,0,0,4,26,59,152,8,0,7751
13183,156.400385,1,4,484,15298,15298,2,2,100.0,26,303,1,12,3,10,154,130,19,1,16624
13185,318.8210705,1,4,485,113079,113079,7,6,99.944,360,3354,5,44,97,214,901,2342,111,13,112916
13187,261.9833107,1,4,486,30351,30351,2,2,100.0,81,456,0,11,2,68,117,311,28,2,30918
13189,60.28286575,1,4,487,21904,15117,4,1,100.0,13,283,1,1,1,10,107,161,15,0,21565
13191,178.4821875,1,4,488,14321,12349,2,1,100.0,25,400,1,0,4,20,146,231,23,0,14007
13193,192.7332429,1,4,489,14559,14065,6,4,100.0,27,600,1,0,5,21,103,477,20,0,14009
13195,156.8236091,1,4,490,28216,27089,3,3,100.0,44,751,0,3,7,34,193,512,46,6,28057
13197,46.2962963,1,4,491,8839,2172,2,1,100.0,4,76,0,0,0,4,18,56,2,0,8640
13199,273.1725697,1,4,492,21894,20980,8,6,100.0,58,647,0,1,4,53,181,424,42,2,21232
13201,286.5812542,1,4,493,6207,6207,2,2,100.0,17,117,0,1,1,15,27,79,11,1,5932
13205,290.7355175,1,4,494,23670,23330,5,4,100.0,67,563,0,3,12,52,119,415,29,0,23045
13207,144.5300919,1,4,495,26909,26909,6,3,100.0,39,522,0,2,6,31,126,359,37,4,26984
13209,33.25573661,1,4,496,9026,736,4,2,100.0,3,14,0,2,0,1,4,9,1,0,9021
13211,179.9673809,1,4,497,18153,17360,4,2,100.0,32,409,0,3,9,20,104,280,25,4,17781
13213,234.2934271,1,4,498,39979,39979,3,3,100.0,92,866,1,6,3,82,170,646,50,0,39267
13215,490.5731077,1,4,499,196178,196178,4,4,100.0,995,11325,17,31,424,523,2712,7767,846,28,202824
13217,363.1181305,1,4,500,101849,101890,5,5,100.0,372,2846,5,26,54,287,986,1612,248,11,102446
13219,117.5260761,1,4,501,33722,33722,2,2,100.0,40,490,0,0,4,36,61,397,32,1,34035
13221,412.4278251,1,4,502,14843,14843,1,1,100.0,60,444,1,12,4,43,112,320,12,1,14548
13223,150.3912896,1,4,503,145214,145214,4,5,99.9778,221,2970,1,18,32,170,687,2012,271,9,146950
13225,658.9175983,1,4,504,27687,28120,4,6,100.0,178,1021,0,2,19,157,286,688,47,1,27014
13227,192.6717144,1,4,505,30346,29729,5,3,94.782,57,626,2,0,0,55,134,468,23,0,29584
13229,322.1037068,1,4,506,18961,18970,3,4,100.0,61,374,0,4,16,41,143,218,13,0,18938
13231,61.81164307,1,4,507,17940,17570,3,2,100.0,11,114,0,3,2,6,44,69,1,0,17796
13233,427.3608042,1,4,508,41511,41511,5,5,100.0,176,1925,3,12,49,112,580,1254,91,5,41183
13235,337.8963784,1,4,509,11860,6812,2,1,100.0,39,255,0,2,2,35,80,171,4,0,11542
13237,533.4331571,1,4,510,21573,21573,2,2,100.0,114,508,0,7,13,94,173,324,11,1,21371
13239,549.2184199,1,4,511,2490,2490,1,1,83.3333,13,44,0,0,0,13,18,24,2,0,2367
13241,190.9454881,1,4,512,16376,16448,5,6,100.0,31,354,1,0,1,29,136,201,17,0,16235
13243,125.052105,1,4,513,7639,7639,4,2,95.8492,9,112,0,0,2,7,39,71,2,0,7197
13245,454.9437385,1,4,514,203391,203364,10,8,99.1663,919,11971,28,90,546,255,3186,7591,1193,51,202003
13247,357.8043926,1,4,515,86680,86680,3,2,100.0,311,3309,1,14,56,240,804,2234,271,3,86919
13249,117.9013559,1,4,516,5074,5074,2,2,100.0,6,54,0,0,0,6,16,37,1,0,5089
13251,245.7865169,1,4,517,14520,13940,6,3,100.0,35,363,1,1,12,21,99,242,22,0,14240
13253,368.921185,1,4,518,8885,8885,3,2,100.0,33,185,1,1,4,27,55,125,5,0,8945
13255,546.7734102,1,4,519,64716,64716,4,3,100.0,349,3245,3,24,82,240,797,2288,160,3,63829
13257,381.5753611,1,4,520,26237,26237,3,2,100.0,98,914,4,5,15,74,161,733,20,0,25683
13259,51.12474438,1,4,521,5973,5973,3,3,100.0,3,20,0,0,1,2,16,4,0,0,5868
13261,752.455044,1,4,522,32858,32086,6,4,100.0,236,1609,0,4,40,192,741,826,42,0,31364
13263,154.8946716,1,4,523,6711,6423,3,3,100.0,10,111,1,0,3,6,29,76,6,0,6456
13265,176.1597181,1,4,524,1721,1186,3,1,100.0,3,58,0,0,0,3,24,28,6,0,1703
13267,62.68118781,1,4,525,25962,20349,5,2,100.0,16,409,0,2,2,12,129,246,34,0,25526
13269,271.7391304,1,4,526,8590,8590,3,3,100.0,23,117,0,0,1,22,53,60,4,1,8464
13271,271.2313905,1,4,527,15903,16228,5,5,61.0596,45,233,0,2,2,41,69,155,9,0,16591
13273,376.8565728,1,4,528,9418,9418,2,2,100.0,34,148,2,1,1,30,81,61,6,2,9022
13275,340.9926675,1,4,529,45612,45179,8,7,100.0,153,1791,3,13,32,105,536,1155,100,9,44869
13277,551.0599216,1,4,530,41915,41903,5,4,100.0,222,1951,5,18,45,154,369,1514,68,16,40286
13279,282.33051,1,4,531,27863,23279,3,2,100.0,77,879,3,8,14,52,235,610,34,1,27273
13281,139.2628354,1,4,532,10724,10724,3,3,100.0,15,195,0,0,1,14,38,152,5,0,10771
13283,59.59475566,1,4,533,6898,3778,2,1,100.0,4,76,0,0,0,4,26,50,0,0,6712
13285,315.6995351,1,4,534,69353,68487,6,4,100.0,218,2760,5,15,76,122,706,1935,119,7,69053
13287,590.1155643,1,4,535,8970,8970,3,3,100.0,48,226,0,6,4,38,46,161,19,3,8134
13289,153.2838109,1,4,536,8873,7854,4,2,100.0,13,166,0,0,4,9,59,101,6,1,8481
13291,83.46471297,1,4,537,21360,21360,2,2,100.0,18,292,0,0,1,17,96,183,13,5,21566
13293,180.6820748,1,4,538,27265,27265,4,2,100.0,48,906,1,6,16,25,269,617,20,1,26566
13295,218.4814804,1,4,539,69331,69583,7,6,100.0,149,1931,0,8,31,110,518,1310,103,0,68198
13297,299.6944749,1,4,540,88088,85483,5,4,100.0,257,2699,21,27,42,167,817,1719,163,4,85754
13299,408.8605114,1,4,541,36872,36863,4,2,100.0,146,1640,3,7,44,92,309,1275,56,8,35709
13301,629.7229219,1,4,542,5782,5782,3,2,100.0,35,95,0,0,1,34,30,60,5,0,5558
13303,246.6627974,1,4,543,21336,19053,7,5,100.0,51,516,1,1,10,39,132,375,9,2,20676
13305,668.2847358,1,4,544,30651,30651,3,3,100.0,201,1631,8,6,24,163,318,1289,24,0,30077
13307,36.77822729,1,4,545,2821,2821,1,1,100.0,1,42,0,0,0,1,23,16,3,0,2719
13309,126.4382349,1,4,546,8022,8024,3,4,48.3373,10,92,0,1,1,9,23,65,4,0,7909
13311,187.0705472,1,4,547,27564,27564,3,3,100.0,52,666,2,6,2,42,212,426,28,0,27797
13313,264.2187576,1,4,548,104285,101839,7,4,100.0,272,3022,3,19,38,212,780,2121,121,14,102945
13315,223.2142857,1,4,549,9397,7670,4,2,100.0,20,120,0,5,1,14,59,55,6,0,8960
13317,529.4705295,1,4,550,10320,10320,4,3,100.0,53,181,1,1,1,50,50,126,5,0,10010
13319,116.6242578,1,4,551,9545,7979,7,4,100.0,11,152,0,1,1,9,50,96,6,0,9432
13321,263.0219342,1,4,552,22155,22155,4,4,100.0,56,613,2,1,7,46,225,364,24,1,21291
17101,78.51189757,1,4,653,16753,14186,5,3,100.0,13,128,1,1,0,11,33,90,5,5,16558
17103,97.53858512,1,4,654,35484,35484,5,5,100.0,34,628,2,11,2,19,158,462,8,3,34858
17105,227.8321898,1,4,655,38808,38903,5,5,100.0,87,821,1,13,7,66,144,657,20,91,38186
17107,256.9750367,1,4,656,30154,28473,4,3,100.0,77,560,0,11,7,59,164,387,9,4,29964
17109,200.2217841,1,4,657,32595,32595,7,5,100.0,65,704,0,18,2,45,141,554,9,3,32464
17111,104.7464453,1,4,658,322883,300278,26,24,97.887,322,3887,1,74,37,210,596,3236,55,33,307409
17113,320.0742068,1,4,659,170635,164977,14,11,99.7878,559,3652,1,73,84,401,770,2793,89,25,174647
17115,386.17105,1,4,660,110782,110782,8,8,100.0,422,2963,6,35,111,270,1090,1776,97,35,109278
17117,179.1808874,1,4,661,48169,44827,12,9,100.0,84,612,0,7,1,76,141,455,16,6,46880
17119,226.7751894,1,4,662,271486,260108,30,24,99.684,606,5894,12,84,118,392,1413,4303,177,40,267225
17121,295.1685568,1,4,663,42665,38082,6,5,93.1838,114,1288,0,12,15,87,292,944,52,8,38622
17123,181.0252613,1,4,664,12465,11061,4,3,100.0,22,105,0,2,1,19,48,55,2,2,12153
17125,371.9820326,1,4,665,14492,10555,5,3,100.0,53,195,0,10,3,40,46,134,15,0,14248
17127,398.0627612,1,4,666,15449,15449,2,2,100.0,60,343,1,11,3,45,45,287,11,0,15073
17129,15.86420243,1,4,667,12709,10447,3,2,100.0,2,80,0,1,0,1,25,54,1,0,12607
17131,247.249351,1,4,668,16040,16040,2,2,100.0,40,208,1,4,3,32,68,137,3,1,16178
17133,44.78547756,1,4,669,33357,33322,4,4,100.0,15,253,0,8,0,7,48,203,2,0,33493
17135,330.4781817,1,4,670,29932,29503,10,7,100.0,98,506,0,5,3,90,102,388,16,4,29654
17137,230.9863975,1,4,671,35560,34974,6,5,96.0292,81,531,0,14,8,59,127,398,6,4,35067
17139,67.22237161,1,4,672,14018,10395,4,4,98.9161,10,110,0,2,0,8,32,76,2,0,14876
17141,43.9056982,1,4,673,53140,43630,6,5,100.0,23,429,1,1,1,20,106,317,6,3,52385
17143,603.941007,1,4,674,186990,186921,11,9,100.0,1138,6644,14,53,347,723,1809,4545,290,61,188429
17145,169.0501211,1,4,675,22274,22274,5,4,100.0,37,192,0,5,0,32,62,119,11,3,21887
17147,158.2182194,1,4,676,17284,15285,4,3,100.0,26,150,0,8,1,17,66,79,5,3,16433
17149,24.76780186,1,4,677,16406,16406,5,4,100.0,4,61,0,3,1,0,15,44,2,0,16150
17151,0.0,1,4,678,4372,0,1,1,100.0,0,0,0,0,0,0,0,0,0,0,4312
17153,338.5240352,1,4,679,6049,5472,3,1,100.0,20,65,0,3,2,15,27,37,1,0,5908
17155,34.47681434,1,4,680,5971,5971,2,2,100.0,2,60,0,2,0,0,11,45,4,1,5801
17157,100.3344482,1,4,681,33377,31507,8,6,100.0,33,255,0,4,2,27,62,184,9,1,32890
17159,216.2897046,1,4,682,16238,9125,2,1,100.0,35,296,0,10,1,24,51,238,7,7,16182
17161,374.8523,1,4,683,147782,146953,14,10,99.9407,552,3879,4,42,80,426,721,3039,119,26,147258
17163,782.1542957,1,4,684,267150,254702,30,25,100.0,2088,8233,28,183,349,1528,2426,5150,657,70,266955
17165,340.8316292,1,4,685,24993,23334,5,4,100.0,85,497,0,3,4,78,198,270,29,3,24939
17167,817.9969369,1,4,686,198785,191633,33,26,96.481,1629,9256,40,160,318,1110,2104,6278,875,76,199145
17169,94.0354648,1,4,687,7482,7482,2,2,100.0,7,62,0,0,0,7,7,54,1,0,7444
17171,0.0,1,4,688,5273,3704,2,1,100.0,0,34,0,0,0,0,9,25,0,1,5222
17173,45.21000045,1,4,689,22038,16927,5,4,100.0,10,153,0,0,0,10,46,98,9,1,22119
17175,84.64533604,1,4,690,5670,3593,3,1,100.0,5,69,0,0,0,5,24,41,4,1,5907
17177,98.41677364,1,4,691,47585,47585,4,4,98.8321,46,1132,2,9,15,20,283,839,10,5,46740
17179,236.1534851,1,4,692,135554,119686,20,13,100.0,322,2564,3,36,36,247,653,1860,51,22,136352
17181,181.9939715,1,4,693,17716,15905,4,3,100.0,32,237,1,0,0,31,40,192,5,0,17583
17183,565.1757149,1,4,694,81547,81547,18,18,98.369,454,3058,4,63,88,299,955,1979,124,27,80329
17185,205.7436777,1,4,695,11840,11840,2,2,100.0,24,274,0,2,0,22,46,218,10,1,11665
17187,423.1073,1,4,696,18157,17325,3,2,100.0,75,603,0,4,2,69,133,460,10,4,17726
17189,283.7763012,1,4,697,14420,11317,4,5,99.9912,41,99,0,0,1,40,30,69,0,0,14448
17191,307.0069829,1,4,698,16659,15634,3,2,100.0,51,289,0,3,1,47,87,198,4,2,16612
17193,268.0596605,1,4,699,15395,14075,7,4,93.2422,39,343,2,6,2,29,70,252,21,0,14549
17195,182.4278541,1,4,700,58415,54902,12,7,100.0,105,1418,0,24,8,73,248,1129,41,1,57557
17197,167.6847351,1,4,701,630731,674965,32,36,100.0,1145,11391,21,108,249,767,2416,8545,430,140,682829
17199,352.6388142,1,4,702,66655,55184,9,4,100.0,236,1002,0,14,14,208,507,429,66,6,66924
17201,854.9331535,1,4,703,296072,279755,17,11,100.0,2485,10787,15,196,553,1721,2939,7356,492,101,290666
17203,58.56440812,1,4,704,39054,34134,8,7,100.0,23,384,0,3,1,19,66,308,10,1,39273
18101,78.74015748,1,4,755,10364,7609,3,2,100.0,8,104,0,0,0,8,26,69,9,5,10160
18103,116.2147205,1,4,756,36726,36726,3,3,97.4235,42,359,0,3,6,33,108,237,14,1,36140
18105,259.3594948,1,4,757,140237,140237,5,5,100.0,368,4839,4,49,54,262,941,3648,251,28,141888
18107,162.4014459,1,4,758,38561,38561,3,3,100.0,62,990,1,7,6,47,275,672,43,0,38177
18109,45.85709782,1,4,759,69682,21392,4,3,100.0,32,1360,1,5,4,22,175,1099,86,3,69782
18111,78.08617875,1,4,760,14205,14205,2,2,100.0,11,206,0,0,0,11,74,123,9,1,14087
18113,58.86062645,1,4,761,47702,47702,5,5,93.756,28,647,0,7,2,19,145,486,15,1,47570
18115,0.0,1,4,762,6084,0,2,1,100.0,0,5,0,0,0,0,2,2,0,0,5994
18117,166.8942497,1,4,763,20032,20032,2,2,66.6667,33,68,0,0,2,32,60,6,2,0,19773
18119,18.86703457,1,4,764,21566,0,2,1,100.0,4,8,0,4,0,0,2,6,0,0,21201
18121,58.13277526,1,4,765,17291,17291,2,2,100.0,10,37,0,2,1,7,17,19,1,1,17202
18123,46.01697515,1,4,766,19415,7302,4,2,100.0,9,175,2,2,0,6,35,132,8,6,19558
18125,134.0376882,1,4,767,12768,10398,3,2,100.0,17,286,1,0,0,16,37,240,9,0,12683
18127,105.0691355,1,4,768,166055,164157,9,8,100.0,175,3123,5,18,19,133,561,2380,182,13,166557
18129,39.23722828,1,4,769,25801,6660,3,2,100.0,10,429,0,1,3,6,107,299,23,2,25486
18131,215.2687015,1,4,770,13405,13405,2,2,100.0,28,181,0,1,1,26,42,123,16,4,13007
18133,45.32728969,1,4,771,38036,27688,4,2,100.0,17,225,2,5,0,10,98,111,16,0,37505
18135,23.41280681,1,4,772,26187,21505,5,3,100.0,6,475,0,0,0,6,134,320,21,2,25627
18137,84.45054365,1,4,773,30489,28849,3,3,86.1572,24,434,1,4,1,18,113,308,13,1,28419
18139,82.33356857,1,4,774,17341,17341,3,3,68.2314,14,492,0,5,2,7,125,355,11,0,17004
18141,341.1958352,1,4,775,267535,266903,8,7,100.0,910,9028,21,91,388,410,2626,5877,525,56,266709
18143,279.4927415,1,4,776,24062,24062,4,4,82.2459,67,1055,2,10,8,46,274,756,25,1,23972
18145,44.71372041,1,4,777,44380,44380,3,3,100.0,20,1142,0,2,2,16,138,951,53,2,44729
18147,42.97173415,1,4,778,21027,0,2,1,100.0,9,12,5,5,0,0,2,11,0,0,20944
18149,116.3943613,1,4,779,23272,23272,4,4,100.0,27,195,0,2,0,25,34,151,10,3,23197
18151,43.65795448,1,4,780,34135,34135,3,3,100.0,15,1011,2,4,6,3,174,816,21,4,34358
18153,51.83056118,1,4,781,21423,17186,3,2,100.0,11,333,3,1,0,7,64,252,17,0,21223
18155,28.50085503,1,4,782,10602,0,2,1,100.0,3,6,0,1,0,2,2,4,0,0,10526
18157,302.4853752,1,4,783,175271,174650,7,6,99.9311,545,5033,1,63,87,394,1032,3725,275,16,180174
18159,102.2364217,1,4,784,15831,15837,3,4,100.0,16,276,0,1,0,15,97,173,6,0,15650
18161,0.0,1,4,785,7537,0,2,1,100.0,0,1,0,0,0,0,0,1,0,0,7277
18163,309.2647107,1,4,786,180870,118194,3,2,100.0,561,6098,8,56,199,298,1132,4544,422,76,181398
18165,132.2584708,1,4,787,16282,16282,3,3,100.0,21,167,0,1,1,19,53,107,7,1,15878
18167,229.012568,1,4,788,108521,108521,5,5,100.0,248,5261,6,38,90,114,1350,3560,351,54,108291
18169,12.36170344,1,4,789,32710,6087,4,2,100.0,4,145,0,3,0,1,16,129,0,0,32358
18171,47.53416518,1,4,790,8457,0,2,1,100.0,4,1,0,0,0,4,0,1,0,0,8415
18173,265.360612,1,4,791,60464,60464,3,3,100.0,162,936,0,12,6,144,126,771,39,7,61049
18175,107.9913607,1,4,792,28235,6315,3,2,58.3333,30,53,0,0,1,29,5,47,1,0,27780
18177,296.0540851,1,4,793,68858,66989,5,4,77.12,201,2016,7,51,55,88,613,1259,143,41,67893
18179,25.16718199,1,4,794,27821,27821,3,3,100.0,7,591,0,2,0,5,118,461,12,0,27814
18181,171.6668029,1,4,795,24771,24771,3,3,100.0,42,278,3,1,6,32,36,218,24,2,24466
18183,42.04961855,1,4,796,33497,10565,4,3,100.0,14,201,0,2,1,11,27,163,11,0,33294
19101,89.23259964,1,4,847,16880,16880,2,2,100.0,15,295,1,1,1,12,76,187,32,0,16810
19103,242.8946139,1,4,848,133458,133554,5,6,100.0,338,2904,2,43,48,245,580,2232,92,12,139155
19105,33.96244724,1,4,849,20688,9353,3,2,79.6536,7,130,0,0,0,7,39,85,6,0,20611
19107,48.40739665,1,4,850,10418,10418,1,1,41.6667,5,14,0,0,0,5,7,7,0,2,10329
19109,84.8508583,1,4,851,15456,15456,2,2,100.0,13,114,0,1,0,12,53,57,4,0,15321
19111,504.4560283,1,4,852,35759,35759,4,3,100.0,180,1010,0,9,5,166,254,678,78,15,35682
19113,197.120924,1,4,853,214705,214705,6,6,100.0,426,5855,4,63,101,258,1288,4262,305,43,216111
19115,141.8188264,1,4,854,11413,11413,1,1,100.0,16,93,0,0,0,16,35,55,3,1,11282
19117,331.5801509,1,4,855,8881,8881,2,2,100.0,29,230,0,3,1,25,59,146,25,4,8746
19119,239.0710383,1,4,856,11715,9136,2,1,100.0,28,86,0,3,0,25,22,53,11,0,11712
19121,38.83997929,1,4,857,15840,5242,2,1,100.0,6,135,0,1,0,5,45,85,5,0,15448
19123,196.2796092,1,4,858,22617,22617,2,2,51.2137,44,350,0,4,1,39,121,218,11,4,22417
19125,147.3595573,1,4,859,33464,24415,4,2,92.9005,49,217,0,9,0,40,73,134,10,2,33252
19127,365.9072059,1,4,860,41139,41139,3,3,100.0,150,998,1,1,6,142,319,634,45,11,40994
19129,288.6680988,1,4,861,15050,15050,2,2,100.0,43,366,0,6,5,32,143,185,38,4,14896
19131,37.3517602,1,4,862,10825,9712,3,2,100.0,4,94,0,1,0,3,27,65,2,1,10709
19133,153.4919417,1,4,863,9275,9275,2,2,67.558,14,120,0,3,2,9,24,87,8,1,9121
19135,187.2191712,1,4,864,8087,8087,2,2,100.0,15,135,0,1,0,14,33,97,5,1,8012
19137,115.1189563,1,4,865,10681,5710,2,1,100.0,12,167,0,3,0,9,57,104,6,1,10424
19139,469.2314875,1,4,866,42970,42981,4,5,100.0,201,1028,0,40,7,154,259,728,41,12,42836
19141,71.20478496,1,4,867,14439,14265,2,2,88.3865,10,130,0,0,0,10,55,70,6,1,14044
19143,0.0,1,4,868,6382,6382,1,1,100.0,0,12,0,0,0,0,3,7,2,0,6211
19145,260.9304398,1,4,869,16049,16049,3,3,67.6678,41,362,0,3,2,36,99,242,21,2,15713
19147,174.1970604,1,4,870,9456,9456,2,2,100.0,16,99,0,1,0,15,53,39,7,2,9185
19149,52.0895941,1,4,871,24987,24993,2,3,100.0,13,238,2,3,0,8,52,173,13,4,24957
19151,167.7383282,1,4,872,7208,7208,1,1,100.0,12,74,0,4,0,8,23,50,1,0,7154
19153,312.8341713,1,4,873,462916,439097,11,12,100.0,1413,15173,8,147,280,978,3410,10775,988,79,451677
19155,873.5225606,1,4,874,93881,93881,3,3,100.0,810,5016,1,79,83,647,1166,3283,567,55,92728
19157,225.7943121,1,4,875,18877,18877,2,2,100.0,42,236,0,6,2,34,74,144,18,6,18601
19159,59.14826498,1,4,876,5139,5139,1,1,75.0,3,9,0,0,0,3,3,7,0,0,5072
19161,109.224506,1,4,877,10281,10281,2,2,98.2119,11,66,0,3,2,6,25,32,9,0,10071
19163,443.70103,1,4,878,167759,167447,10,9,100.0,756,4861,4,50,156,546,1059,3489,313,21,170385
19165,8.360504975,1,4,879,12086,7013,2,1,100.0,1,4,0,0,0,1,1,1,2,0,11961
19167,101.3112571,1,4,880,33857,23530,5,4,99.7535,35,169,0,3,1,31,61,103,5,1,34547
19169,142.847867,1,4,881,90011,90011,5,5,100.0,132,2037,0,46,8,78,449,1539,49,11,92406
19171,324.3058716,1,4,882,17764,14889,3,2,100.0,57,117,0,2,0,55,45,63,9,17,17576
19173,16.23113131,1,4,883,6329,6329,1,1,100.0,1,19,0,0,0,1,4,15,0,0,6161
19175,150.9973774,1,4,884,12594,12594,2,2,53.1265,19,150,0,0,0,19,43,100,7,0,12583
19177,201.7213556,1,4,885,7539,7539,1,1,100.0,15,61,0,0,0,15,23,32,6,1,7436
19179,228.8717471,1,4,886,35558,35558,2,2,100.0,81,1106,2,8,17,54,327,723,56,20,35391
19181,278.8575292,1,4,887,46946,46913,4,6,94.6745,132,650,0,21,0,112,226,383,41,19,47336
19183,358.8462412,1,4,888,21940,21940,2,2,100.0,79,173,0,13,1,65,61,103,9,1,22015
19185,15.62011871,1,4,889,6333,6333,1,1,100.0,1,16,0,0,0,1,6,10,0,0,6402
19187,423.8203218,1,4,890,37806,37806,2,2,100.0,157,1342,0,24,16,117,241,1030,71,10,37044
19189,75.80064431,1,4,891,11170,10831,2,2,100.0,8,46,0,1,1,6,13,32,1,1,10554
19191,28.57959417,1,4,892,21106,21106,2,2,100.0,6,100,0,3,0,3,9,90,1,0,20994
19193,305.4929991,1,4,893,102913,102907,3,3,100.0,312,3761,3,36,46,227,709,2830,222,20,102130
19195,119.3475666,1,4,894,7573,7573,1,1,100.0,9,113,0,1,0,8,45,59,9,1,7541
19197,192.7227875,1,4,895,13119,13119,4,4,82.0337,25,154,0,4,1,20,37,111,6,1,12972
20101,232.5581395,1,4,946,1758,1758,1,1,100.0,4,14,1,0,0,3,3,7,4,1,1720
20103,443.8191469,1,4,947,77564,77570,5,6,100.0,347,1721,0,24,34,289,464,1142,115,34,78185
20105,0.0,1,4,948,3231,3231,1,1,91.6667,0,42,0,0,0,0,12,26,3,0,3147
20107,262.7154267,1,4,949,9661,8691,6,4,98.0612,25,156,0,4,0,21,58,81,17,5,9516
20109,321.6583274,1,4,950,2839,2797,2,2,75.7478,9,24,0,0,0,9,8,15,1,0,2798
20111,211.8770516,1,4,951,33936,33035,4,3,100.0,71,940,0,24,7,40,151,757,31,13,33510
20113,148.8044912,1,4,952,29390,27869,8,6,98.5031,44,760,1,8,2,33,313,421,26,4,29569
20115,40.91987888,1,4,953,12602,12602,7,7,95.3784,5,99,0,0,0,5,35,56,8,0,12219
20117,149.970006,1,4,954,10056,10056,5,5,86.3912,15,158,0,1,0,13,44,104,10,1,10002
20119,805.8945429,1,4,955,4554,4554,2,2,91.6667,35,28,0,1,0,34,5,23,0,0,4343
20121,197.9594944,1,4,956,30538,32882,4,5,100.0,65,681,0,20,0,45,154,489,37,14,32835
20123,297.8990279,1,4,957,6327,5862,3,2,100.0,19,63,0,3,0,16,15,45,3,1,6378
20125,615.303861,1,4,958,35089,35089,5,5,96.184,211,1208,1,17,17,176,303,858,48,20,34292
20127,121.9299774,1,4,959,5918,5918,2,2,100.0,7,115,0,1,0,6,55,56,4,0,5741
20129,222.7171492,1,4,960,3214,2776,3,2,93.4198,7,38,0,1,0,6,7,29,2,0,3143
20131,127.9401634,1,4,961,10172,10165,3,3,96.7388,13,92,0,1,0,12,23,59,10,0,10161
20133,237.3706634,1,4,962,16533,16533,3,3,95.9389,39,611,0,8,5,26,270,325,16,6,16430
20135,195.2489424,1,4,963,3136,3136,1,1,100.0,6,28,0,1,0,5,5,18,5,0,3073
20137,88.93632159,1,4,964,5664,5664,2,2,100.0,5,72,0,2,0,3,16,53,3,0,5622
20139,247.8007682,1,4,965,16389,15612,9,7,89.2049,40,277,0,2,0,38,88,177,13,4,16142
20141,130.9586171,1,4,966,3867,3867,2,2,62.7877,5,93,0,1,0,4,23,64,5,0,3818
20143,82.75405495,1,4,967,6150,6150,3,3,73.8537,5,105,0,1,1,2,22,77,7,1,6042
20145,315.5931717,1,4,968,7047,7047,2,2,100.0,22,148,0,5,0,17,48,94,6,1,6971
20147,180.5054152,1,4,969,5583,5583,1,1,100.0,10,25,0,0,0,10,7,17,1,0,5540
20149,242.3868494,1,4,970,22032,21380,6,5,99.9474,55,348,0,5,1,49,88,241,19,15,22691
20151,364.4462442,1,4,971,9725,9725,3,3,100.0,36,288,0,3,1,32,64,205,19,2,9878
20153,154.4998069,1,4,972,2525,2525,2,2,100.0,4,34,0,1,1,2,8,22,4,0,2589
20155,464.2467674,1,4,973,64937,64937,6,6,99.0334,298,2938,2,28,26,242,637,2141,159,41,64190
20157,103.7344398,1,4,974,4932,4932,2,2,96.6663,5,54,0,0,0,5,11,36,6,0,4820
20159,109.879133,1,4,975,10127,10127,7,7,82.2693,11,104,0,1,1,9,45,55,4,3,10011
20161,240.0721543,1,4,976,73370,73370,2,2,100.0,181,1505,1,28,24,128,249,1212,44,15,75394
20163,77.07129094,1,4,977,5208,5208,3,3,92.6571,4,38,1,1,0,2,10,21,6,0,5190
20165,219.7112367,1,4,978,3255,3255,2,2,89.8464,7,56,0,1,0,5,26,28,3,0,3186
20167,331.7467186,1,4,979,6992,6992,2,2,100.0,23,140,0,1,0,22,40,87,13,1,6933
20169,339.0742734,1,4,980,56129,56129,3,3,100.0,189,2512,2,25,26,136,493,1900,119,25,55740
20171,297.9145978,1,4,981,4935,4935,2,2,100.0,15,81,0,3,0,12,16,60,5,0,5035
20173,615.5337693,1,4,982,504423,503636,22,23,99.504,3111,23678,24,273,513,2301,4575,17136,1967,160,505415
20175,333.4758444,1,4,983,23447,23447,2,2,100.0,78,607,0,13,7,58,163,423,21,0,23390
20177,488.1703955,1,4,984,179855,178402,17,15,99.8842,873,7952,19,46,244,564,1585,5706,662,68,178831
20179,235.0176263,1,4,985,2565,2565,2,2,67.1702,6,26,0,4,0,1,12,14,0,0,2553
20181,228.9452167,1,4,986,6085,6085,2,2,81.327,14,117,0,1,1,12,26,83,8,4,6115
20183,26.98327037,1,4,987,3854,1664,2,1,100.0,1,6,0,0,1,0,2,4,0,0,3706
20185,183.5283322,1,4,988,4393,4393,4,4,93.8083,8,69,0,1,0,7,27,37,5,1,4359
20187,45.57885141,1,4,989,2261,2261,1,1,75.0,1,3,0,0,0,1,1,1,0,0,2194
20189,34.38789546,1,4,990,5642,3849,2,1,100.0,2,13,0,0,0,2,1,11,1,0,5816
20191,254.33428,1,4,991,22927,23412,7,7,95.886,60,649,0,8,3,49,172,453,24,3,23591
20193,226.4720684,1,4,992,7976,8018,2,3,99.8254,18,175,0,6,2,10,34,128,13,0,7948
20195,100.6711409,1,4,993,2945,2945,2,2,100.0,3,38,0,2,0,1,8,27,3,1,2980
20197,141.8238548,1,4,994,7062,6230,4,3,98.4551,10,59,0,1,0,9,13,34,12,9,7051
20199,127.4697259,1,4,995,1535,1535,1,1,41.6667,2,2,0,2,0,0,0,2,0,0,1569
20201,35.53028957,1,4,996,5875,5875,1,1,100.0,2,9,0,1,0,1,3,5,1,0,5629
20203,228.1021898,1,4,997,2288,2288,1,1,100.0,5,30,0,0,0,5,7,23,0,0,2192
20205,197.693575,1,4,998,9348,9348,3,3,73.5986,18,234,0,2,1,15,65,159,9,2,9105
20207,248.3700714,1,4,999,3309,3309,2,2,100.0,8,64,0,1,0,7,25,39,0,1,3221
20209,590.457901,1,4,1000,158998,159032,7,7,99.9979,947,8175,16,90,286,554,1834,5085,1256,80,160384
21101,207.1331478,1,4,1052,46523,46523,3,2,100.0,96,1061,1,23,39,33,231,771,60,3,46347
21103,25.89834898,1,4,1053,15557,13902,5,2,100.0,4,73,0,1,0,2,24,47,2,0,15445
21105,63.22444679,1,4,1054,4796,4796,3,2,100.0,3,31,0,0,0,2,11,17,4,0,4745
21107,141.5276408,1,4,1055,47028,45822,7,5,100.0,66,968,2,22,13,29,269,642,58,6,46634
21109,22.34304014,1,4,1056,13477,12679,4,2,100.0,3,63,0,1,0,1,29,28,7,0,13427
21111,576.7462264,1,4,1057,748857,748003,25,20,99.9308,4365,32473,78,266,1557,2465,8103,21941,2430,250,756832
21113,163.4345166,1,4,1058,49170,49170,6,3,100.0,82,1781,2,19,30,31,536,1195,49,5,50173
21115,68.23318692,1,4,1059,23455,23455,3,2,100.0,16,217,2,3,4,7,77,125,15,1,23449
21117,198.5963407,1,4,1060,160812,160812,17,15,100.0,324,4243,3,59,153,109,1110,2879,255,29,163145
21119,18.77816725,1,4,1061,16330,15020,4,1,100.0,3,58,0,1,0,1,19,32,7,0,15976
21121,75.49543882,1,4,1062,30174,31969,3,3,100.0,24,405,0,5,8,11,217,160,28,4,31790
21123,49.77246871,1,4,1063,14351,14351,3,2,100.0,7,74,0,1,1,4,37,29,9,0,14064
21125,88.98141464,1,4,1064,59505,59505,5,2,100.0,53,980,3,9,20,21,329,579,71,2,59563
21127,56.76084763,1,4,1065,16076,16076,3,2,100.0,9,138,0,1,0,6,56,70,12,1,15856
21129,68.87052342,1,4,1066,7837,7837,4,3,100.0,5,58,0,2,1,2,17,37,4,0,7260
21131,18.15046737,1,4,1067,11261,10897,3,1,41.6667,2,16,0,1,0,1,6,6,4,0,11019
21133,38.10491553,1,4,1068,24508,23739,5,3,100.0,9,129,1,3,1,4,62,60,7,1,23619
21135,43.45936549,1,4,1069,13913,13913,3,2,100.0,6,82,0,2,0,3,43,36,3,1,13806
21137,49.24086992,1,4,1070,24758,23509,5,2,100.0,12,175,1,2,4,5,55,101,19,1,24370
21139,85.47921787,1,4,1071,9555,9555,3,1,100.0,8,100,0,4,0,4,34,54,12,1,9359
21141,145.1108796,1,4,1072,26860,26007,7,5,100.0,39,458,1,7,8,22,156,283,19,7,26876
21143,35.49875754,1,4,1073,8338,8338,4,2,100.0,3,88,0,1,0,2,18,67,3,0,8451
21145,200.3885396,1,4,1074,66031,66031,5,3,100.0,131,1899,4,34,50,43,360,1460,79,9,65373
21147,72.26638501,1,4,1075,18331,18331,4,1,100.0,13,116,0,3,7,3,65,42,9,3,17989
21149,42.12299916,1,4,1076,9551,8787,4,1,100.0,4,42,0,1,0,3,21,19,2,0,9496
21151,163.5705106,1,4,1077,84401,84401,6,4,100.0,140,3011,1,23,60,55,833,2063,114,12,85590
21153,46.33204633,1,4,1078,13249,13249,3,2,100.0,6,42,1,1,0,3,20,19,3,0,12950
21155,89.7979546,1,4,1079,20033,19735,4,2,100.0,18,261,0,7,1,11,99,143,19,1,20045
21157,122.1589996,1,4,1080,31387,31387,4,3,100.0,38,500,0,11,5,22,180,288,33,3,31107
21159,110.6981893,1,4,1081,12783,12783,3,2,100.0,14,115,0,1,2,10,40,56,20,0,12647
21161,144.6926728,1,4,1082,17698,17698,4,3,100.0,25,550,0,6,5,14,139,395,16,3,17278
21163,65.04621705,1,4,1083,29637,29637,4,3,100.0,19,224,0,3,4,12,111,98,16,1,29210
21165,15.90330789,1,4,1084,6333,6333,2,1,100.0,1,40,0,1,0,1,11,25,5,0,6288
21167,93.68120287,1,4,1085,21336,20372,4,2,100.0,20,273,0,4,7,10,118,130,24,2,21349
21169,20.0340579,1,4,1086,10098,10098,3,2,100.0,2,76,0,1,0,1,32,37,7,0,9983
21171,37.449677,1,4,1087,10965,10748,5,3,100.0,4,18,0,1,0,3,8,8,1,0,10681
21173,176.1403251,1,4,1088,26811,26811,4,3,100.0,48,1028,0,6,19,22,363,620,45,3,27251
21175,22.42152466,1,4,1089,13978,3444,3,1,100.0,3,36,0,0,0,2,8,24,4,0,13380
21177,48.10930434,1,4,1090,31351,31351,6,4,100.0,15,200,0,5,1,9,53,125,22,3,31179
21179,112.2586439,1,4,1091,44085,44085,6,4,98.525,50,727,1,14,13,22,249,432,46,4,44540
21181,71.03281716,1,4,1092,7076,7076,4,2,100.0,5,51,0,1,1,3,24,21,6,0,7039
21183,133.4000334,1,4,1093,24164,24164,6,5,100.0,32,295,3,7,1,21,132,136,26,7,23988
21185,48.10467577,1,4,1094,60733,60795,5,5,100.0,30,654,1,8,6,16,235,392,26,7,62364
21187,18.75820672,1,4,1095,10885,10885,4,2,100.0,2,100,0,1,0,1,57,38,4,0,10662
21189,21.486893,1,4,1096,4832,4750,3,1,100.0,1,30,0,0,0,0,8,21,2,0,4654
21191,96.08785175,1,4,1097,14735,14127,4,2,100.0,14,210,0,2,3,8,81,117,12,0,14570
21193,96.39414495,1,4,1098,28824,28824,4,3,100.0,27,383,0,5,8,15,92,280,11,3,28010
21195,37.86683496,1,4,1099,65068,64086,7,3,100.0,24,592,2,7,5,11,101,472,19,4,63380
21197,56.02689291,1,4,1100,12683,12683,4,3,100.0,7,176,0,1,1,4,85,84,8,0,12494
21199,118.9228097,1,4,1101,63854,63532,9,7,100.0,76,1511,3,20,21,33,500,958,53,10,63907
21201,0.0,1,4,1102,2235,0,3,1,100.0,0,0,0,0,0,0,0,0,0,0,2235
21203,35.94320973,1,4,1103,17112,15897,4,2,100.0,6,155,0,1,2,2,93,55,7,2,16693
21205,63.75653504,1,4,1104,23642,23642,4,3,100.0,15,304,0,6,4,5,66,228,10,1,23527
21207,56.33168094,1,4,1105,17655,17655,4,3,100.0,10,157,0,2,3,5,49,96,12,1,17752
21209,376.3989829,1,4,1106,48271,48271,9,4,100.0,188,1424,1,26,33,127,352,1001,71,4,49947
21211,128.9126108,1,4,1107,43102,43102,5,3,100.0,57,885,2,8,20,28,320,523,42,5,44216
21213,213.5671331,1,4,1108,17422,17422,3,2,100.0,38,481,1,11,12,14,149,312,20,2,17793
21215,56.69898509,1,4,1109,17422,17422,3,2,100.0,10,147,0,4,2,4,53,87,7,1,17637
21217,198.791026,1,4,1110,24794,24794,4,2,100.0,49,566,3,8,18,20,209,341,16,5,24649
21219,95.97696553,1,4,1111,12495,12495,5,4,100.0,12,148,0,2,3,6,71,64,13,0,12503
21221,132.9322046,1,4,1112,14341,14341,4,2,100.0,19,206,0,4,2,12,55,144,8,0,14293
21223,45.37205082,1,4,1113,8747,8747,2,1,91.6667,4,18,0,1,0,3,6,10,1,0,8816
21225,86.49943443,1,4,1114,15105,15105,5,4,100.0,13,132,0,4,0,8,47,79,6,3,15029
21227,198.5300329,1,4,1115,115809,115809,7,4,100.0,235,3864,6,51,81,98,838,2824,202,11,118370
21229,50.52631579,1,4,1116,11876,11876,3,2,100.0,6,66,0,1,1,3,39,21,6,1,11875
21231,72.54086469,1,4,1117,21022,21022,3,2,100.0,15,224,1,2,5,7,83,131,11,1,20678
21233,29.73535534,1,4,1118,13703,10904,5,2,100.0,4,52,0,1,0,3,23,25,3,0,13452
21235,120.2259129,1,4,1119,37709,35914,4,3,100.0,43,563,2,7,10,23,231,303,28,7,35766
21237,27.59381898,1,4,1120,7361,6919,3,1,100.0,2,42,0,1,0,1,20,19,3,0,7248
21239,138.4767557,1,4,1121,25008,25008,4,2,100.0,35,742,0,12,7,16,186,524,32,6,25275
22101,562.1649889,1,4,1172,54531,52101,6,5,100.0,301,1814,1,19,41,240,412,1329,73,3,53543
22103,184.8695803,1,4,1173,238185,238185,6,6,100.0,448,5109,9,36,39,364,1003,3879,227,14,242333
22105,952.8593755,1,4,1174,123296,123296,8,7,96.5846,1195,7162,11,64,185,935,2683,4262,218,1,125412
22107,40.74979625,1,4,1175,5096,2135,4,1,91.6667,2,24,0,0,0,2,7,16,1,0,4908
22109,382.2650312,1,4,1176,112579,112579,2,2,100.0,431,4393,5,26,100,300,764,3386,243,8,112749
22111,290.905836,1,4,1177,22866,22866,4,4,100.0,65,300,0,1,2,62,86,208,6,0,22344
22113,383.1029653,1,4,1178,58621,58621,4,4,100.0,227,1423,7,18,32,170,458,918,47,0,59253
22115,222.4080903,1,4,1179,51888,48213,4,3,100.0,117,1008,1,14,5,97,63,868,77,9,52606
22117,495.4867619,1,4,1180,47418,47418,3,3,100.0,230,1703,6,22,36,166,552,1075,76,2,46419
22119,329.4163922,1,4,1181,41532,41256,5,4,96.8639,134,536,1,11,13,109,153,351,32,1,40678
22121,325.5605746,1,4,1182,24252,24252,4,4,100.0,80,671,4,2,7,67,72,565,34,1,24573
22123,566.9428696,1,4,1183,11637,9905,3,2,100.0,65,344,0,0,0,65,49,285,10,3,11465
22125,155.4001554,1,4,1184,15551,15551,2,2,100.0,24,192,0,7,2,15,38,154,0,1,15444
22127,337.5413488,1,4,1185,15169,15169,2,2,100.0,50,293,1,0,8,41,102,174,17,0,14813
24510,1419.537569,1,4,1227,625474,625474,9,9,100.0,8831,29868,216,317,3638,4660,7804,18055,4009,251,622104
26101,237.2188139,1,4,1293,24727,24727,3,3,100.0,58,360,1,16,4,37,100,250,10,2,24450
26103,163.9586411,1,4,1294,67743,67743,9,9,100.0,111,1406,2,38,2,69,188,1173,45,6,67700
26105,276.1754938,1,4,1295,28699,28699,4,4,100.0,79,920,2,33,1,43,147,744,29,7,28605
26107,570.6597383,1,4,1296,43331,43331,5,5,99.931,246,899,0,20,0,226,181,691,27,4,43108
26109,180.7406162,1,4,1297,23947,23088,4,3,100.0,43,549,0,14,2,27,158,379,12,1,23791
26111,121.5457763,1,4,1298,84280,84124,4,4,100.0,102,945,2,47,7,46,208,722,15,6,83919
26113,112.9493057,1,4,1299,14922,14922,2,2,100.0,17,265,2,5,0,10,67,190,8,1,15051
26115,265.3348939,1,4,1300,149609,143216,8,7,100.0,399,3874,5,67,93,234,1044,2599,231,35,150376
26117,185.4052769,1,4,1301,63231,57182,9,4,100.0,117,1304,1,38,7,71,339,925,40,10,63105
26119,74.86631016,1,4,1302,9660,9660,2,2,100.0,7,45,0,2,0,5,36,9,0,0,9350
26121,529.2150075,1,4,1303,171426,171426,11,11,100.0,905,7269,4,119,192,590,1800,5164,305,61,171008
26123,249.9947918,1,4,1304,48048,48048,6,6,99.6902,120,994,3,46,2,68,268,684,41,6,48001
26125,206.391478,1,4,1305,1213737,1211024,43,43,100.0,2542,22123,33,241,610,1658,4787,15514,1822,175,1231640
26127,152.4099829,1,4,1306,26881,23866,8,6,100.0,40,524,3,16,3,18,149,361,14,1,26245
26129,249.5996986,1,4,1307,21586,20936,4,3,100.0,53,442,0,15,3,35,148,273,21,6,21234
26131,158.1777918,1,4,1308,6603,6603,2,2,100.0,10,63,0,4,0,6,22,38,3,1,6322
26133,240.7670149,1,4,1309,23527,23527,4,4,100.0,56,416,0,9,4,43,101,297,18,3,23259
26135,167.0843776,1,4,1310,8614,8614,2,2,100.0,14,239,1,1,0,12,86,143,10,0,8379
26137,194.7863567,1,4,1311,24095,24095,3,3,100.0,47,441,0,20,2,25,87,334,20,2,24129
26139,171.6165324,1,4,1312,273503,266493,7,7,100.0,468,5130,2,160,38,268,1169,3857,104,35,272701
26141,91.86954525,1,4,1313,13165,12298,4,3,100.0,12,123,0,1,0,11,48,72,3,1,13062
26143,191.5549263,1,4,1314,24432,24432,6,5,100.0,46,535,0,16,2,28,130,389,16,3,24014
26145,828.830479,1,4,1315,199227,199233,18,19,99.8744,1629,4681,29,126,242,1232,1751,2707,223,56,196542
26147,259.2401025,1,4,1316,161401,161759,9,11,100.0,416,3310,3,51,56,306,791,2382,137,30,160469
26149,311.6593399,1,4,1317,61180,61180,9,9,99.052,190,1161,0,61,7,122,256,853,52,7,60964
26151,222.365684,1,4,1318,42645,41191,10,8,96.7985,93,593,1,32,3,58,178,392,23,6,41823
26153,424.3967503,1,4,1319,8496,8496,3,3,36.4878,35,218,0,15,1,19,71,143,4,3,8247
26155,227.8664731,1,4,1320,69968,69318,13,13,99.3548,157,1241,2,46,11,98,297,908,35,10,68900
26157,165.8588725,1,4,1321,55468,52397,13,10,98.4554,90,818,0,21,2,67,227,558,33,3,54263
26159,282.2874561,1,4,1322,76189,76186,10,10,100.0,213,1633,0,50,13,150,418,1127,88,14,75455
26161,294.4331527,1,4,1323,350276,348215,12,12,100.0,1043,8519,6,159,188,690,2339,5739,441,85,354240
26163,1065.188284,1,4,1324,1800769,1793982,47,47,99.6046,18910,69839,433,803,5879,11795,19882,34706,15251,766,1775273
26165,260.3767805,1,4,1325,32742,32742,4,4,97.3775,85,741,0,29,7,49,139,590,12,3,32645
27101,70.31524669,1,4,1377,8685,8685,2,2,100.0,6,44,0,2,0,4,20,22,2,0,8533
27103,93.84838944,1,4,1378,33020,33030,3,4,100.0,31,571,0,12,4,15,79,475,17,1,33032
27105,115.6497201,1,4,1379,21534,21534,2,2,100.0,25,229,0,2,3,20,56,159,14,1,21617
27107,0.0,1,4,1380,6913,6913,1,1,100.0,0,0,0,0,0,0,0,0,0,0,6631
27109,168.8713763,1,4,1381,146704,146704,3,3,100.0,252,3107,3,74,55,120,644,2344,119,19,149226
27111,100.7276706,1,4,1382,57553,57619,2,3,100.0,58,924,1,15,3,39,252,627,45,5,57581
27113,148.7462813,1,4,1383,14162,14162,3,3,100.0,21,293,1,12,1,7,42,238,13,2,14118
27115,202.7212754,1,4,1384,29794,29794,1,1,100.0,59,1049,0,11,2,46,198,774,77,1,29104
27117,21.57497303,1,4,1385,9562,9562,1,1,100.0,2,66,0,0,0,2,17,48,1,0,9270
27119,259.7484874,1,4,1386,31658,31658,3,3,100.0,82,584,1,32,3,46,129,429,26,12,31569
27121,73.17965606,1,4,1387,10964,10964,2,2,100.0,8,87,0,2,0,6,28,58,1,1,10932
27123,462.49008,1,4,1388,515101,517997,18,20,100.0,2436,19556,15,233,730,1458,4257,12857,2442,175,526714
27125,0.0,1,4,1389,4131,4131,1,1,100.0,0,2,0,0,0,0,0,2,0,0,4057
27127,190.5487805,1,4,1390,16074,16074,2,2,100.0,30,221,0,9,1,20,44,169,8,2,15744
27129,39.56217856,1,4,1391,15599,15599,2,2,100.0,6,120,0,2,0,4,31,85,4,1,15166
27131,135.2826331,1,4,1392,65986,64822,3,3,100.0,88,1318,0,17,18,53,248,1029,41,21,65049
27133,892.8571429,1,4,1393,9676,9676,1,1,100.0,85,64,0,0,0,85,9,52,3,0,9520
27135,77.31958763,1,4,1394,15640,15640,3,3,100.0,12,128,1,4,0,7,9,116,3,0,15520
27137,243.8416276,1,4,1395,201539,201539,18,18,100.0,489,6049,2,64,106,317,1078,4695,276,72,200540
27139,109.3039524,1,4,1396,136459,133406,7,7,100.0,150,2512,0,37,16,97,302,2144,66,12,137232
27141,108.6980634,1,4,1397,82962,89892,4,6,100.0,98,1495,0,23,10,65,228,1212,55,4,90158
27143,0.0,1,4,1398,15266,15266,1,1,100.0,0,0,0,0,0,0,0,0,0,0,15072
27145,207.1114852,1,4,1399,167937,152314,14,14,100.0,315,3556,6,87,58,164,442,3004,110,13,152092
27147,93.24009324,1,4,1400,36768,36768,3,3,100.0,34,730,0,7,1,26,118,586,26,5,36465
27149,112.9943503,1,4,1401,9747,9747,3,3,100.0,11,177,0,5,1,5,20,156,1,1,9735
27151,199.0362455,1,4,1402,9702,9702,3,3,100.0,19,154,0,7,0,12,40,103,11,0,9546
27153,147.6499057,1,4,1403,25719,24995,3,4,100.0,36,353,0,10,1,25,89,250,14,1,24382
27155,87.08272859,1,4,1404,3546,3546,2,2,100.0,3,37,0,1,0,2,8,26,3,1,3445
27157,41.97173903,1,4,1405,22492,21739,4,4,100.0,9,194,0,2,1,6,39,146,9,2,21443
27159,108.6641553,1,4,1406,13029,13837,2,3,100.0,15,106,0,7,0,8,32,68,6,0,13804
27161,115.1953084,1,4,1407,19397,19397,4,4,100.0,22,309,0,6,3,13,80,219,10,1,19098
27163,67.72018183,1,4,1408,242415,242827,10,11,100.0,167,5860,2,39,25,101,926,4657,277,36,246603
27165,107.748945,1,4,1409,11273,11273,2,2,100.0,12,147,0,3,0,9,24,116,7,2,11137
27167,122.0070154,1,4,1410,6634,6634,2,2,100.0,8,113,0,2,2,4,30,81,2,0,6557
27169,81.98001249,1,4,1411,51708,51708,5,5,100.0,42,716,0,6,8,28,123,553,40,6,51232
27171,63.04973924,1,4,1412,127193,127248,3,4,100.0,81,2331,0,12,8,61,233,2016,82,10,128470
27173,69.01311249,1,4,1413,11222,10373,2,2,100.0,7,44,0,0,0,7,11,31,2,1,10143
28101,0.0,1,4,1465,21545,3346,3,1,100.0,0,5,0,0,0,0,4,0,1,0,21689
28103,0.0,1,4,1466,11375,2725,2,1,33.3333,0,96,0,0,0,0,6,90,0,0,11089
28105,161.0831311,1,4,1467,47844,47844,3,3,70.8431,79,1476,6,7,17,50,344,1094,38,4,49043
28107,383.6986222,1,4,1468,34869,33986,4,3,85.3704,132,1661,5,5,6,116,627,1005,29,0,34402
28109,52.65833818,1,4,1469,55838,13773,3,2,100.0,29,510,0,3,9,17,141,346,23,4,55072
28111,16.486687,1,4,1470,12190,638,2,1,0.0,2,25,0,0,1,1,7,17,1,0,12131
28113,242.4151547,1,4,1471,40493,38068,4,3,100.0,97,1096,2,4,28,63,356,699,41,0,40014
28115,142.4086481,1,4,1472,29964,29964,1,1,0.0,44,429,1,3,4,35,181,224,25,4,30897
28117,0.0,1,4,1473,26791,0,4,1,100.0,0,60,0,0,0,0,3,57,0,0,25388
28119,0.0,1,4,1474,7960,0,2,1,100.0,0,0,0,0,0,0,0,0,0,0,7803
28121,83.12495316,1,4,1475,144010,135621,7,6,100.0,122,2024,3,22,14,83,538,1407,79,11,146767
28123,293.5663,1,4,1476,28449,22729,3,2,84.6103,83,354,1,4,17,62,153,174,27,7,28273
28125,0.0,1,4,1477,4903,0,2,1,100.0,0,0,0,0,0,0,0,0,0,0,4708
28127,149.0909091,1,4,1478,27379,27379,3,3,89.3471,41,351,0,1,5,35,133,196,23,2,27500
28129,0.0,1,4,1479,16477,0,1,1,100.0,0,0,0,0,0,0,0,0,0,0,16225
28131,77.70870337,1,4,1480,17860,4407,2,1,100.0,14,120,0,3,0,11,45,74,1,0,18016
28133,371.4683716,1,4,1481,29352,13637,7,2,90.846,104,830,2,5,28,69,275,552,4,0,27997
28135,72.93946025,1,4,1482,15351,2184,2,1,100.0,11,70,0,0,10,1,27,43,0,0,15081
28137,334.8253621,1,4,1483,28781,27111,3,2,15.0142,95,498,1,5,16,73,153,319,25,2,28373
28139,54.33798225,1,4,1484,22191,22191,2,2,100.0,12,104,0,0,1,11,53,46,5,0,22084
28141,66.5676686,1,4,1485,19645,19645,2,2,100.0,13,110,1,4,1,7,48,55,7,1,19529
28143,340.9090909,1,4,1486,10651,10651,1,1,100.0,36,504,4,10,13,9,77,379,48,1,10560
28145,21.61850544,1,4,1487,27399,27399,2,2,95.0661,6,268,0,0,2,4,90,164,14,4,27754
28147,133.949501,1,4,1488,15439,15439,2,3,9.5532,20,198,1,2,2,16,83,103,11,2,14931
28149,391.9698038,1,4,1489,48450,48450,2,2,100.0,189,1658,2,26,31,130,368,1210,80,5,48218
28151,303.896313,1,4,1490,50515,50515,4,4,88.348,151,3078,11,24,54,62,1242,1693,142,85,49688
28153,0.0,1,4,1491,20633,0,2,1,100.0,0,0,0,0,0,0,0,0,0,0,20539
28155,60.07810153,1,4,1492,10341,2217,2,1,100.0,6,35,0,0,1,5,13,21,1,0,9987
28157,0.0,1,4,1493,9700,0,1,1,100.0,0,0,0,0,0,0,0,0,0,0,9381
28159,117.0960187,1,4,1494,19110,19110,2,2,100.0,22,110,1,3,4,14,37,70,3,1,18788
28161,0.0,1,4,1495,12579,0,2,1,100.0,0,0,0,0,0,0,0,0,0,0,12373
28163,279.7403436,1,4,1496,27946,11347,2,1,100.0,78,514,1,7,16,54,252,239,23,0,27883
29101,141.097999,1,4,1548,53539,53539,6,6,100.0,77,1384,2,7,9,59,280,1033,71,6,54572
29103,49.17629702,1,4,1549,4134,4134,2,2,97.6274,2,39,0,0,0,2,15,24,0,2,4067
29105,434.5753778,1,4,1550,35570,35570,3,3,100.0,155,984,1,6,5,143,158,784,42,4,35667
29107,103.2085724,1,4,1551,33043,33043,13,13,98.0525,34,669,2,4,2,26,173,452,45,2,32943
29109,447.8198245,1,4,1552,35601,35601,7,7,100.0,171,1242,1,7,6,157,330,825,87,3,38185
29111,59.10165485,1,4,1553,10174,10174,3,3,100.0,6,126,0,1,1,4,35,80,11,1,10152
29113,168.956554,1,4,1554,53176,53176,9,9,100.0,91,760,0,1,7,83,172,552,36,4,53860
29115,242.5614489,1,4,1555,12602,12590,4,4,100.0,30,260,1,2,1,26,101,148,11,0,12368
29117,121.0409522,1,4,1556,15102,15102,2,2,100.0,18,357,0,3,2,13,87,252,18,3,14871
29119,673.8186009,1,4,1557,23020,23020,7,7,99.6945,152,401,1,4,4,143,110,266,25,6,22558
29121,257.3340196,1,4,1558,15620,15620,3,3,100.0,40,356,0,1,0,39,111,233,12,1,15544
